{"count":1,"gauges":{},"self":2.327661,"total":2.3425711,"children":{"AgentResetIfDone":{"count":89,"self":0.0019951,"total":0.0019951,"children":null},"AgentSendState":{"count":89,"self":0.00099669999999999989,"total":0.00099669999999999989,"children":{"CollectObservations":{"count":18,"self":0,"total":0,"children":null}}},"DecideAction":{"count":89,"self":0.0009546,"total":0.0009546,"children":null},"AcademyStep":{"count":89,"self":0.0009975,"total":0.0009975,"children":null},"AgentAct":{"count":89,"self":0.0089716999999999991,"total":0.0089716999999999991,"children":null}}}