{"count":1,"gauges":{},"self":6.4713743999999993,"total":6.5627016,"children":{"AgentResetIfDone":{"count":282,"self":0.0049733,"total":0.0049733,"children":null},"AgentSendState":{"count":282,"self":0.0039483,"total":0.0039483,"children":{"CollectObservations":{"count":57,"self":0,"total":0,"children":null}}},"DecideAction":{"count":282,"self":0.0030334999999999997,"total":0.0030334999999999997,"children":null},"AcademyStep":{"count":282,"self":0.0019986,"total":0.0019986,"children":null},"AgentAct":{"count":282,"self":0.0763799,"total":0.0763799,"children":null}}}