{"count":1,"self":157.35902719999999,"total":159.1262917,"children":{"AgentResetIfDone":{"count":7878,"self":0.10678309999999999,"total":0.10678309999999999,"children":null},"AgentSendState":{"count":7878,"self":0.041470599999999996,"total":0.049080099999999995,"children":{"CollectObservations":{"count":1576,"self":0.0076095,"total":0.0076095,"children":null}}},"DecideAction":{"count":7878,"self":0.0656723,"total":0.0656723,"children":null},"AcademyStep":{"count":7878,"self":0.0370109,"total":0.0370109,"children":null},"AgentAct":{"count":7878,"self":1.5076813,"total":1.5076813,"children":null}}}