{"count":1,"gauges":{},"self":15.2563488,"total":18.8213519,"children":{"AgentResetIfDone":{"count":738,"self":3.4831575999999997,"total":3.4831575999999997,"children":null},"AgentSendState":{"count":738,"self":0.0053872,"total":0.0065724,"children":{"CollectObservations":{"count":148,"self":0.0011852,"total":0.0011852,"children":null}}},"DecideAction":{"count":738,"self":0.00094199999999999991,"total":0.00094199999999999991,"children":null},"AcademyStep":{"count":738,"self":0.0049104,"total":0.0049104,"children":null},"AgentAct":{"count":738,"self":0.068338299999999991,"total":0.068338299999999991,"children":null}}}