{"count":1,"gauges":{},"self":28.496745599999997,"total":32.0318784,"children":{"AgentResetIfDone":{"count":1375,"self":3.3189851999999997,"total":3.3189853,"children":null},"AgentSendState":{"count":1375,"self":0.0109345,"total":0.011890099999999999,"children":{"CollectObservations":{"count":275,"self":0.00095559999999999992,"total":0.00095559999999999992,"children":null}}},"DecideAction":{"count":1375,"self":0.0128898,"total":0.0128898,"children":null},"AcademyStep":{"count":1375,"self":0.004907,"total":0.004907,"children":null},"AgentAct":{"count":1375,"self":0.185464,"total":0.185464,"children":null}}}